target,feature,shap_mean_abs,shap_mean_pos,shap_mean_neg,count_pos,count_neg,x_mean_when_shap_pos,x_mean_when_shap_neg
Ioff_fixed0,sde_xIn,0.004445677109536727,0.004115803742934692,-0.004681300942823895,600,840,0.26,0.14
Ioff_fixed0,sde_tRecess,0.0038998838779391574,0.005867800377625279,-0.002915925628096096,480,960,0.05000000000000001,0.05600000000000002
Ioff_fixed0,sde_AlN1,0.001813954725714783,0.0014330315542879445,-0.002194877897141621,720,720,1.0,0.0
Ioff_fixed0,sde_xAl,0.0011794791227514457,0.0011800525049393406,-0.0011790126178479441,646,794,0.24458204334365324,0.1383375314861461
Ioff_fixed0,sde_AlN2,0.0007953200703070277,0.0008525395118070001,-0.0007381006288070555,720,720,1.0,0.0
