target,feature,shap_mean_abs,shap_mean_pos,shap_mean_neg,count_pos,count_neg,x_mean_when_shap_pos,x_mean_when_shap_neg
Ion_eq,sde_tRecess,0.002364058670449797,0.0018154066083712905,-0.0034613627946068087,960,480,0.05600000000000002,0.05000000000000001
Ion_eq,sde_AlN1,0.0013491453613251503,0.0016562730523259892,-0.0010420176703243114,720,720,0.0,1.0
Ion_eq,sde_xAl,0.000758653495227531,0.0007788352396838496,-0.0007363473566179161,756,684,0.13547619047619047,0.2418421052631579
Ion_eq,sde_xIn,0.000618180130176602,0.00061032832005485,-0.0006336890774418806,956,484,0.16165271966527198,0.24599173553719006
Ion_eq,sde_AlN2,0.00039730881855983095,0.00037122440093179587,-0.0004234657936777911,721,719,0.0013869625520110957,1.0
