target,feature,shap_mean_abs,shap_mean_pos,shap_mean_neg,count_pos,count_neg,x_mean_when_shap_pos,x_mean_when_shap_neg
Ion_fixedV,sde_xIn,0.0066499341983161835,0.005323361902866429,-0.00797282668157329,719,721,0.25006954102920725,0.13009708737864079
Ion_fixedV,sde_AlN1,0.002509072699999883,0.0020272426709886733,-0.0029909027290110925,720,720,1.0,0.0
Ion_fixedV,sde_xAl,0.0016582169766522618,0.0016664659573326407,-0.0016511782711296217,663,777,0.24343891402714937,0.136988416988417
Ion_fixedV,sde_AlN2,0.00120157410663727,0.0013009141047381737,-0.0011022341085363666,720,720,1.0,0.0
Ion_fixedV,sde_tRecess,0.0005485749347783725,0.0008137948826494039,-0.0004159649608428566,480,960,0.05000000000000001,0.05600000000000002
