target,feature,shap_mean_abs,shap_mean_pos,shap_mean_neg,count_pos,count_neg,x_mean_when_shap_pos,x_mean_when_shap_neg
ON_OFF_fixedV,sde_xIn,0.9022978600128863,1.456970175209994,-0.6669324562348848,429,1011,0.10643356643356645,0.22545994065281905
ON_OFF_fixedV,sde_AlN1,0.5666319617070102,0.6025275219144636,-0.5307364014995569,720,720,0.0,1.0
ON_OFF_fixedV,sde_tRecess,0.4896114739171728,0.38643151151004107,-0.6426024526587819,860,580,0.056116279069767454,0.05086206896551723
ON_OFF_fixedV,sde_xAl,0.3121826239081212,0.3043996137076996,-0.3199225149384573,718,722,0.13217270194986072,0.2395290858725762
ON_OFF_fixedV,sde_AlN2,0.20934484060646905,0.18158524225432168,-0.2371044389586164,720,720,0.0,1.0
