target,feature,shap_mean_abs,shap_mean_pos,shap_mean_neg,count_pos,count_neg,x_mean_when_shap_pos,x_mean_when_shap_neg
SS,sde_AlN1,10.344356463037432,8.169427632038792,-12.51928529403607,720,720,1.0,0.0
SS,sde_xAl,7.99592294215499,8.20184681541789,-7.829788625331846,643,797,0.24416796267496113,0.13907151819322458
SS,sde_tRecess,7.633989461751085,11.419542394070584,-5.735291901328061,481,959,0.05001039501039502,0.05600104275286759
SS,sde_xIn,7.166365522843888,6.673365370272052,-7.509549374634179,591,849,0.25925549915397633,0.14179034157832743
SS,sde_AlN2,2.8193614858340776,3.0243988874793604,-2.6097165021293516,728,712,0.9395604395604396,0.05056179775280899
