target,feature,shap_mean_abs,shap_mean_pos,shap_mean_neg,count_pos,count_neg,x_mean_when_shap_pos,x_mean_when_shap_neg
Vth,sde_xIn,1.416855963027317,1.2196997941224221,-1.5860286757005495,665,775,0.25413533834586466,0.1349677419354839
Vth,sde_tRecess,1.345797115596137,2.018136128807014,-1.0096276089906986,480,960,0.05000000000000001,0.05600000000000002
Vth,sde_AlN1,0.806752130650755,0.6454771192465447,-0.9680271420549654,720,720,1.0,0.0
Vth,sde_xAl,0.4971861576029287,0.4995384358862117,-0.4952234285894888,655,785,0.24396946564885497,0.13763057324840766
Vth,sde_AlN2,0.31185196514468855,0.33414178569087405,-0.2895621445985031,720,720,1.0,0.0
